,way,class
0,C:\Users\Titor\Desktop\image generator\data\cut images\01.png,1
1,C:\Users\Titor\Desktop\image generator\data\cut images\10017.png,1
2,C:\Users\Titor\Desktop\image generator\data\cut images\101.png,0
3,C:\Users\Titor\Desktop\image generator\data\cut images\10117.png,1
4,C:\Users\Titor\Desktop\image generator\data\cut images\10217.png,1
5,C:\Users\Titor\Desktop\image generator\data\cut images\10317.png,1
6,C:\Users\Titor\Desktop\image generator\data\cut images\10417.png,1
7,C:\Users\Titor\Desktop\image generator\data\cut images\10517.png,0
8,C:\Users\Titor\Desktop\image generator\data\cut images\10617.png,1
9,C:\Users\Titor\Desktop\image generator\data\cut images\10717.png,0
10,C:\Users\Titor\Desktop\image generator\data\cut images\10817.png,1
11,C:\Users\Titor\Desktop\image generator\data\cut images\10917.png,1
12,C:\Users\Titor\Desktop\image generator\data\cut images\11.png,1
13,C:\Users\Titor\Desktop\image generator\data\cut images\11017.png,1
14,C:\Users\Titor\Desktop\image generator\data\cut images\1110.png,0
15,C:\Users\Titor\Desktop\image generator\data\cut images\11117.png,1
16,C:\Users\Titor\Desktop\image generator\data\cut images\11217.png,1
17,C:\Users\Titor\Desktop\image generator\data\cut images\11317.png,1
18,C:\Users\Titor\Desktop\image generator\data\cut images\11417.png,0
19,C:\Users\Titor\Desktop\image generator\data\cut images\11517.png,1
20,C:\Users\Titor\Desktop\image generator\data\cut images\11617.png,0
21,C:\Users\Titor\Desktop\image generator\data\cut images\11717.png,1
22,C:\Users\Titor\Desktop\image generator\data\cut images\11817.png,1
23,C:\Users\Titor\Desktop\image generator\data\cut images\11917.png,1
24,C:\Users\Titor\Desktop\image generator\data\cut images\12017.png,1
25,C:\Users\Titor\Desktop\image generator\data\cut images\1210.png,0
26,C:\Users\Titor\Desktop\image generator\data\cut images\12117.png,1
27,C:\Users\Titor\Desktop\image generator\data\cut images\12217.png,1
28,C:\Users\Titor\Desktop\image generator\data\cut images\12317.png,1
29,C:\Users\Titor\Desktop\image generator\data\cut images\12417.png,1
30,C:\Users\Titor\Desktop\image generator\data\cut images\12517.png,1
31,C:\Users\Titor\Desktop\image generator\data\cut images\12617.png,1
32,C:\Users\Titor\Desktop\image generator\data\cut images\12717.png,1
33,C:\Users\Titor\Desktop\image generator\data\cut images\12817.png,1
34,C:\Users\Titor\Desktop\image generator\data\cut images\12917.png,1
35,C:\Users\Titor\Desktop\image generator\data\cut images\13017.png,1
36,C:\Users\Titor\Desktop\image generator\data\cut images\1310.png,0
37,C:\Users\Titor\Desktop\image generator\data\cut images\13117.png,1
38,C:\Users\Titor\Desktop\image generator\data\cut images\13217.png,1
39,C:\Users\Titor\Desktop\image generator\data\cut images\13317.png,1
40,C:\Users\Titor\Desktop\image generator\data\cut images\13417.png,1
41,C:\Users\Titor\Desktop\image generator\data\cut images\13517.png,1
42,C:\Users\Titor\Desktop\image generator\data\cut images\13617.png,1
43,C:\Users\Titor\Desktop\image generator\data\cut images\13717.png,1
44,C:\Users\Titor\Desktop\image generator\data\cut images\13817.png,1
45,C:\Users\Titor\Desktop\image generator\data\cut images\13917.png,0
46,C:\Users\Titor\Desktop\image generator\data\cut images\14017.png,1
47,C:\Users\Titor\Desktop\image generator\data\cut images\1411.png,1
48,C:\Users\Titor\Desktop\image generator\data\cut images\14117.png,1
49,C:\Users\Titor\Desktop\image generator\data\cut images\14217.png,1
50,C:\Users\Titor\Desktop\image generator\data\cut images\14317.png,1
51,C:\Users\Titor\Desktop\image generator\data\cut images\14417.png,1
52,C:\Users\Titor\Desktop\image generator\data\cut images\14517.png,1
53,C:\Users\Titor\Desktop\image generator\data\cut images\14617.png,1
54,C:\Users\Titor\Desktop\image generator\data\cut images\14717.png,1
55,C:\Users\Titor\Desktop\image generator\data\cut images\14817.png,1
56,C:\Users\Titor\Desktop\image generator\data\cut images\14917.png,1
57,C:\Users\Titor\Desktop\image generator\data\cut images\15017.png,1
58,C:\Users\Titor\Desktop\image generator\data\cut images\1511.png,1
59,C:\Users\Titor\Desktop\image generator\data\cut images\15117.png,1
60,C:\Users\Titor\Desktop\image generator\data\cut images\15217.png,1
61,C:\Users\Titor\Desktop\image generator\data\cut images\15317.png,1
62,C:\Users\Titor\Desktop\image generator\data\cut images\15417.png,1
63,C:\Users\Titor\Desktop\image generator\data\cut images\15517.png,0
64,C:\Users\Titor\Desktop\image generator\data\cut images\15617.png,1
65,C:\Users\Titor\Desktop\image generator\data\cut images\15717.png,1
66,C:\Users\Titor\Desktop\image generator\data\cut images\15817.png,1
67,C:\Users\Titor\Desktop\image generator\data\cut images\15917.png,1
68,C:\Users\Titor\Desktop\image generator\data\cut images\16017.png,1
69,C:\Users\Titor\Desktop\image generator\data\cut images\1611.png,1
70,C:\Users\Titor\Desktop\image generator\data\cut images\16117.png,1
71,C:\Users\Titor\Desktop\image generator\data\cut images\16217.png,1
72,C:\Users\Titor\Desktop\image generator\data\cut images\16319.png,0
73,C:\Users\Titor\Desktop\image generator\data\cut images\1642.png,1
74,C:\Users\Titor\Desktop\image generator\data\cut images\1652.png,1
75,C:\Users\Titor\Desktop\image generator\data\cut images\1662.png,1
76,C:\Users\Titor\Desktop\image generator\data\cut images\1672.png,1
77,C:\Users\Titor\Desktop\image generator\data\cut images\1682.png,1
78,C:\Users\Titor\Desktop\image generator\data\cut images\1692.png,1
79,C:\Users\Titor\Desktop\image generator\data\cut images\1702.png,1
80,C:\Users\Titor\Desktop\image generator\data\cut images\1711.png,0
81,C:\Users\Titor\Desktop\image generator\data\cut images\1712.png,1
82,C:\Users\Titor\Desktop\image generator\data\cut images\1722.png,1
83,C:\Users\Titor\Desktop\image generator\data\cut images\1732.png,1
84,C:\Users\Titor\Desktop\image generator\data\cut images\1742.png,1
85,C:\Users\Titor\Desktop\image generator\data\cut images\1752.png,1
86,C:\Users\Titor\Desktop\image generator\data\cut images\1762.png,1
87,C:\Users\Titor\Desktop\image generator\data\cut images\1772.png,1
88,C:\Users\Titor\Desktop\image generator\data\cut images\1782.png,1
89,C:\Users\Titor\Desktop\image generator\data\cut images\1792.png,1
90,C:\Users\Titor\Desktop\image generator\data\cut images\1802.png,1
91,C:\Users\Titor\Desktop\image generator\data\cut images\1811.png,1
92,C:\Users\Titor\Desktop\image generator\data\cut images\1812.png,0
93,C:\Users\Titor\Desktop\image generator\data\cut images\1822.png,0
94,C:\Users\Titor\Desktop\image generator\data\cut images\1832.png,1
95,C:\Users\Titor\Desktop\image generator\data\cut images\1842.png,1
96,C:\Users\Titor\Desktop\image generator\data\cut images\1852.png,1
97,C:\Users\Titor\Desktop\image generator\data\cut images\1862.png,1
98,C:\Users\Titor\Desktop\image generator\data\cut images\1872.png,1
99,C:\Users\Titor\Desktop\image generator\data\cut images\1882.png,1
100,C:\Users\Titor\Desktop\image generator\data\cut images\1892.png,1
101,C:\Users\Titor\Desktop\image generator\data\cut images\1902.png,1
102,C:\Users\Titor\Desktop\image generator\data\cut images\1911.png,0
103,C:\Users\Titor\Desktop\image generator\data\cut images\1912.png,1
104,C:\Users\Titor\Desktop\image generator\data\cut images\1922.png,1
105,C:\Users\Titor\Desktop\image generator\data\cut images\1932.png,1
106,C:\Users\Titor\Desktop\image generator\data\cut images\1942.png,1
107,C:\Users\Titor\Desktop\image generator\data\cut images\1952.png,1
108,C:\Users\Titor\Desktop\image generator\data\cut images\19620.png,1
109,C:\Users\Titor\Desktop\image generator\data\cut images\19720.png,1
110,C:\Users\Titor\Desktop\image generator\data\cut images\19820.png,1
111,C:\Users\Titor\Desktop\image generator\data\cut images\19920.png,1
112,C:\Users\Titor\Desktop\image generator\data\cut images\20020.png,1
113,C:\Users\Titor\Desktop\image generator\data\cut images\2011.png,0
114,C:\Users\Titor\Desktop\image generator\data\cut images\20120.png,1
115,C:\Users\Titor\Desktop\image generator\data\cut images\20220.png,1
116,C:\Users\Titor\Desktop\image generator\data\cut images\20320.png,1
117,C:\Users\Titor\Desktop\image generator\data\cut images\20420.png,1
118,C:\Users\Titor\Desktop\image generator\data\cut images\20520.png,1
119,C:\Users\Titor\Desktop\image generator\data\cut images\20620.png,1
120,C:\Users\Titor\Desktop\image generator\data\cut images\20720.png,1
121,C:\Users\Titor\Desktop\image generator\data\cut images\20820.png,1
122,C:\Users\Titor\Desktop\image generator\data\cut images\20920.png,1
123,C:\Users\Titor\Desktop\image generator\data\cut images\21.png,1
124,C:\Users\Titor\Desktop\image generator\data\cut images\21020.png,1
125,C:\Users\Titor\Desktop\image generator\data\cut images\2111.png,1
126,C:\Users\Titor\Desktop\image generator\data\cut images\21120.png,1
127,C:\Users\Titor\Desktop\image generator\data\cut images\21220.png,1
128,C:\Users\Titor\Desktop\image generator\data\cut images\21320.png,1
129,C:\Users\Titor\Desktop\image generator\data\cut images\21420.png,1
130,C:\Users\Titor\Desktop\image generator\data\cut images\21520.png,1
131,C:\Users\Titor\Desktop\image generator\data\cut images\21620.png,1
132,C:\Users\Titor\Desktop\image generator\data\cut images\21720.png,1
133,C:\Users\Titor\Desktop\image generator\data\cut images\21820.png,1
134,C:\Users\Titor\Desktop\image generator\data\cut images\21920.png,1
135,C:\Users\Titor\Desktop\image generator\data\cut images\22020.png,1
136,C:\Users\Titor\Desktop\image generator\data\cut images\2211.png,1
137,C:\Users\Titor\Desktop\image generator\data\cut images\22120.png,1
138,C:\Users\Titor\Desktop\image generator\data\cut images\22220.png,1
139,C:\Users\Titor\Desktop\image generator\data\cut images\22320.png,1
140,C:\Users\Titor\Desktop\image generator\data\cut images\22420.png,1
141,C:\Users\Titor\Desktop\image generator\data\cut images\22520.png,1
142,C:\Users\Titor\Desktop\image generator\data\cut images\22620.png,1
143,C:\Users\Titor\Desktop\image generator\data\cut images\22720.png,1
144,C:\Users\Titor\Desktop\image generator\data\cut images\22820.png,1
145,C:\Users\Titor\Desktop\image generator\data\cut images\22920.png,1
146,C:\Users\Titor\Desktop\image generator\data\cut images\23020.png,1
147,C:\Users\Titor\Desktop\image generator\data\cut images\2311.png,1
148,C:\Users\Titor\Desktop\image generator\data\cut images\23120.png,1
149,C:\Users\Titor\Desktop\image generator\data\cut images\23220.png,1
150,C:\Users\Titor\Desktop\image generator\data\cut images\23320.png,1
151,C:\Users\Titor\Desktop\image generator\data\cut images\23420.png,1
152,C:\Users\Titor\Desktop\image generator\data\cut images\23520.png,1
153,C:\Users\Titor\Desktop\image generator\data\cut images\23620.png,1
154,C:\Users\Titor\Desktop\image generator\data\cut images\23720.png,1
155,C:\Users\Titor\Desktop\image generator\data\cut images\23820.png,1
156,C:\Users\Titor\Desktop\image generator\data\cut images\23920.png,1
157,C:\Users\Titor\Desktop\image generator\data\cut images\24020.png,1
158,C:\Users\Titor\Desktop\image generator\data\cut images\2411.png,1
159,C:\Users\Titor\Desktop\image generator\data\cut images\24120.png,1
160,C:\Users\Titor\Desktop\image generator\data\cut images\24220.png,0
161,C:\Users\Titor\Desktop\image generator\data\cut images\24320.png,1
162,C:\Users\Titor\Desktop\image generator\data\cut images\24420.png,1
163,C:\Users\Titor\Desktop\image generator\data\cut images\24520.png,1
164,C:\Users\Titor\Desktop\image generator\data\cut images\24620.png,1
165,C:\Users\Titor\Desktop\image generator\data\cut images\24720.png,1
166,C:\Users\Titor\Desktop\image generator\data\cut images\24820.png,1
167,C:\Users\Titor\Desktop\image generator\data\cut images\24920.png,1
168,C:\Users\Titor\Desktop\image generator\data\cut images\25020.png,1
169,C:\Users\Titor\Desktop\image generator\data\cut images\2511.png,0
170,C:\Users\Titor\Desktop\image generator\data\cut images\25120.png,1
171,C:\Users\Titor\Desktop\image generator\data\cut images\25220.png,1
172,C:\Users\Titor\Desktop\image generator\data\cut images\25320.png,1
173,C:\Users\Titor\Desktop\image generator\data\cut images\25420.png,1
174,C:\Users\Titor\Desktop\image generator\data\cut images\25520.png,1
175,C:\Users\Titor\Desktop\image generator\data\cut images\25620.png,1
176,C:\Users\Titor\Desktop\image generator\data\cut images\25720.png,1
177,C:\Users\Titor\Desktop\image generator\data\cut images\25820.png,1
178,C:\Users\Titor\Desktop\image generator\data\cut images\25921.png,0
179,C:\Users\Titor\Desktop\image generator\data\cut images\26021.png,0
180,C:\Users\Titor\Desktop\image generator\data\cut images\2612.png,1
181,C:\Users\Titor\Desktop\image generator\data\cut images\26121.png,0
182,C:\Users\Titor\Desktop\image generator\data\cut images\26221.png,0
183,C:\Users\Titor\Desktop\image generator\data\cut images\26321.png,0
184,C:\Users\Titor\Desktop\image generator\data\cut images\26421.png,0
185,C:\Users\Titor\Desktop\image generator\data\cut images\26522.png,1
186,C:\Users\Titor\Desktop\image generator\data\cut images\26622.png,1
187,C:\Users\Titor\Desktop\image generator\data\cut images\26722.png,1
188,C:\Users\Titor\Desktop\image generator\data\cut images\26822.png,1
189,C:\Users\Titor\Desktop\image generator\data\cut images\26922.png,1
190,C:\Users\Titor\Desktop\image generator\data\cut images\27022.png,1
191,C:\Users\Titor\Desktop\image generator\data\cut images\2712.png,1
192,C:\Users\Titor\Desktop\image generator\data\cut images\27122.png,1
193,C:\Users\Titor\Desktop\image generator\data\cut images\27222.png,1
194,C:\Users\Titor\Desktop\image generator\data\cut images\27322.png,1
195,C:\Users\Titor\Desktop\image generator\data\cut images\27422.png,0
196,C:\Users\Titor\Desktop\image generator\data\cut images\27522.png,1
197,C:\Users\Titor\Desktop\image generator\data\cut images\27622.png,1
198,C:\Users\Titor\Desktop\image generator\data\cut images\27722.png,1
199,C:\Users\Titor\Desktop\image generator\data\cut images\27822.png,1
200,C:\Users\Titor\Desktop\image generator\data\cut images\27922.png,1
201,C:\Users\Titor\Desktop\image generator\data\cut images\28022.png,1
202,C:\Users\Titor\Desktop\image generator\data\cut images\2812.png,1
203,C:\Users\Titor\Desktop\image generator\data\cut images\28122.png,1
204,C:\Users\Titor\Desktop\image generator\data\cut images\28222.png,1
205,C:\Users\Titor\Desktop\image generator\data\cut images\28322.png,1
206,C:\Users\Titor\Desktop\image generator\data\cut images\28422.png,1
207,C:\Users\Titor\Desktop\image generator\data\cut images\28522.png,1
208,C:\Users\Titor\Desktop\image generator\data\cut images\28622.png,1
209,C:\Users\Titor\Desktop\image generator\data\cut images\28722.png,1
210,C:\Users\Titor\Desktop\image generator\data\cut images\28822.png,1
211,C:\Users\Titor\Desktop\image generator\data\cut images\28922.png,1
212,C:\Users\Titor\Desktop\image generator\data\cut images\29022.png,1
213,C:\Users\Titor\Desktop\image generator\data\cut images\2912.png,1
214,C:\Users\Titor\Desktop\image generator\data\cut images\29122.png,1
215,C:\Users\Titor\Desktop\image generator\data\cut images\29222.png,1
216,C:\Users\Titor\Desktop\image generator\data\cut images\29322.png,1
217,C:\Users\Titor\Desktop\image generator\data\cut images\29422.png,1
218,C:\Users\Titor\Desktop\image generator\data\cut images\29522.png,1
219,C:\Users\Titor\Desktop\image generator\data\cut images\29622.png,1
220,C:\Users\Titor\Desktop\image generator\data\cut images\29722.png,1
221,C:\Users\Titor\Desktop\image generator\data\cut images\29822.png,1
222,C:\Users\Titor\Desktop\image generator\data\cut images\29922.png,1
223,C:\Users\Titor\Desktop\image generator\data\cut images\30022.png,1
224,C:\Users\Titor\Desktop\image generator\data\cut images\3012.png,1
225,C:\Users\Titor\Desktop\image generator\data\cut images\30122.png,1
226,C:\Users\Titor\Desktop\image generator\data\cut images\30222.png,1
227,C:\Users\Titor\Desktop\image generator\data\cut images\30322.png,1
228,C:\Users\Titor\Desktop\image generator\data\cut images\30422.png,1
229,C:\Users\Titor\Desktop\image generator\data\cut images\30522.png,1
230,C:\Users\Titor\Desktop\image generator\data\cut images\30622.png,1
231,C:\Users\Titor\Desktop\image generator\data\cut images\30722.png,1
232,C:\Users\Titor\Desktop\image generator\data\cut images\30822.png,1
233,C:\Users\Titor\Desktop\image generator\data\cut images\30922.png,1
234,C:\Users\Titor\Desktop\image generator\data\cut images\31.png,1
235,C:\Users\Titor\Desktop\image generator\data\cut images\31022.png,1
236,C:\Users\Titor\Desktop\image generator\data\cut images\3112.png,1
237,C:\Users\Titor\Desktop\image generator\data\cut images\31122.png,1
238,C:\Users\Titor\Desktop\image generator\data\cut images\31222.png,1
239,C:\Users\Titor\Desktop\image generator\data\cut images\31322.png,1
240,C:\Users\Titor\Desktop\image generator\data\cut images\31422.png,1
241,C:\Users\Titor\Desktop\image generator\data\cut images\31522.png,1
242,C:\Users\Titor\Desktop\image generator\data\cut images\31622.png,1
243,C:\Users\Titor\Desktop\image generator\data\cut images\31722.png,1
244,C:\Users\Titor\Desktop\image generator\data\cut images\31822.png,1
245,C:\Users\Titor\Desktop\image generator\data\cut images\31922.png,1
246,C:\Users\Titor\Desktop\image generator\data\cut images\32022.png,1
247,C:\Users\Titor\Desktop\image generator\data\cut images\3212.png,1
248,C:\Users\Titor\Desktop\image generator\data\cut images\32122.png,1
249,C:\Users\Titor\Desktop\image generator\data\cut images\32222.png,1
250,C:\Users\Titor\Desktop\image generator\data\cut images\32322.png,1
251,C:\Users\Titor\Desktop\image generator\data\cut images\32422.png,0
252,C:\Users\Titor\Desktop\image generator\data\cut images\32522.png,1
253,C:\Users\Titor\Desktop\image generator\data\cut images\32623.png,0
254,C:\Users\Titor\Desktop\image generator\data\cut images\32723.png,1
255,C:\Users\Titor\Desktop\image generator\data\cut images\32823.png,1
256,C:\Users\Titor\Desktop\image generator\data\cut images\32923.png,1
257,C:\Users\Titor\Desktop\image generator\data\cut images\33023.png,1
258,C:\Users\Titor\Desktop\image generator\data\cut images\3312.png,1
259,C:\Users\Titor\Desktop\image generator\data\cut images\33123.png,1
260,C:\Users\Titor\Desktop\image generator\data\cut images\33223.png,1
261,C:\Users\Titor\Desktop\image generator\data\cut images\33323.png,1
262,C:\Users\Titor\Desktop\image generator\data\cut images\33423.png,1
263,C:\Users\Titor\Desktop\image generator\data\cut images\33523.png,1
264,C:\Users\Titor\Desktop\image generator\data\cut images\33623.png,1
265,C:\Users\Titor\Desktop\image generator\data\cut images\33723.png,1
266,C:\Users\Titor\Desktop\image generator\data\cut images\33823.png,1
267,C:\Users\Titor\Desktop\image generator\data\cut images\33923.png,1
268,C:\Users\Titor\Desktop\image generator\data\cut images\34023.png,1
269,C:\Users\Titor\Desktop\image generator\data\cut images\3412.png,1
270,C:\Users\Titor\Desktop\image generator\data\cut images\34123.png,1
271,C:\Users\Titor\Desktop\image generator\data\cut images\34223.png,1
272,C:\Users\Titor\Desktop\image generator\data\cut images\34323.png,1
273,C:\Users\Titor\Desktop\image generator\data\cut images\34423.png,1
274,C:\Users\Titor\Desktop\image generator\data\cut images\34524.png,0
275,C:\Users\Titor\Desktop\image generator\data\cut images\34624.png,0
276,C:\Users\Titor\Desktop\image generator\data\cut images\34724.png,0
277,C:\Users\Titor\Desktop\image generator\data\cut images\34824.png,1
278,C:\Users\Titor\Desktop\image generator\data\cut images\34924.png,1
279,C:\Users\Titor\Desktop\image generator\data\cut images\35024.png,1
280,C:\Users\Titor\Desktop\image generator\data\cut images\3512.png,1
281,C:\Users\Titor\Desktop\image generator\data\cut images\35124.png,1
282,C:\Users\Titor\Desktop\image generator\data\cut images\35224.png,1
283,C:\Users\Titor\Desktop\image generator\data\cut images\35324.png,1
284,C:\Users\Titor\Desktop\image generator\data\cut images\35424.png,1
285,C:\Users\Titor\Desktop\image generator\data\cut images\35524.png,1
286,C:\Users\Titor\Desktop\image generator\data\cut images\35624.png,1
287,C:\Users\Titor\Desktop\image generator\data\cut images\35724.png,1
288,C:\Users\Titor\Desktop\image generator\data\cut images\35824.png,1
289,C:\Users\Titor\Desktop\image generator\data\cut images\35924.png,1
290,C:\Users\Titor\Desktop\image generator\data\cut images\36024.png,1
291,C:\Users\Titor\Desktop\image generator\data\cut images\3612.png,1
292,C:\Users\Titor\Desktop\image generator\data\cut images\36124.png,1
293,C:\Users\Titor\Desktop\image generator\data\cut images\36224.png,1
294,C:\Users\Titor\Desktop\image generator\data\cut images\36324.png,1
295,C:\Users\Titor\Desktop\image generator\data\cut images\36424.png,1
296,C:\Users\Titor\Desktop\image generator\data\cut images\36524.png,1
297,C:\Users\Titor\Desktop\image generator\data\cut images\36624.png,1
298,C:\Users\Titor\Desktop\image generator\data\cut images\36724.png,1
299,C:\Users\Titor\Desktop\image generator\data\cut images\36824.png,1
300,C:\Users\Titor\Desktop\image generator\data\cut images\36924.png,1
301,C:\Users\Titor\Desktop\image generator\data\cut images\37024.png,1
302,C:\Users\Titor\Desktop\image generator\data\cut images\3712.png,1
303,C:\Users\Titor\Desktop\image generator\data\cut images\37124.png,1
304,C:\Users\Titor\Desktop\image generator\data\cut images\37224.png,1
305,C:\Users\Titor\Desktop\image generator\data\cut images\37324.png,1
306,C:\Users\Titor\Desktop\image generator\data\cut images\37424.png,1
307,C:\Users\Titor\Desktop\image generator\data\cut images\37524.png,1
308,C:\Users\Titor\Desktop\image generator\data\cut images\37624.png,1
309,C:\Users\Titor\Desktop\image generator\data\cut images\37724.png,1
310,C:\Users\Titor\Desktop\image generator\data\cut images\37824.png,1
311,C:\Users\Titor\Desktop\image generator\data\cut images\37924.png,1
312,C:\Users\Titor\Desktop\image generator\data\cut images\38024.png,0
313,C:\Users\Titor\Desktop\image generator\data\cut images\3812.png,1
314,C:\Users\Titor\Desktop\image generator\data\cut images\38124.png,1
315,C:\Users\Titor\Desktop\image generator\data\cut images\38224.png,1
316,C:\Users\Titor\Desktop\image generator\data\cut images\38324.png,1
317,C:\Users\Titor\Desktop\image generator\data\cut images\38424.png,1
318,C:\Users\Titor\Desktop\image generator\data\cut images\38524.png,1
319,C:\Users\Titor\Desktop\image generator\data\cut images\38624.png,1
320,C:\Users\Titor\Desktop\image generator\data\cut images\38724.png,1
321,C:\Users\Titor\Desktop\image generator\data\cut images\38824.png,1
322,C:\Users\Titor\Desktop\image generator\data\cut images\38924.png,1
323,C:\Users\Titor\Desktop\image generator\data\cut images\39024.png,1
324,C:\Users\Titor\Desktop\image generator\data\cut images\3912.png,1
325,C:\Users\Titor\Desktop\image generator\data\cut images\39124.png,1
326,C:\Users\Titor\Desktop\image generator\data\cut images\39224.png,1
327,C:\Users\Titor\Desktop\image generator\data\cut images\39324.png,1
328,C:\Users\Titor\Desktop\image generator\data\cut images\39424.png,1
329,C:\Users\Titor\Desktop\image generator\data\cut images\39524.png,1
330,C:\Users\Titor\Desktop\image generator\data\cut images\39624.png,1
331,C:\Users\Titor\Desktop\image generator\data\cut images\39724.png,1
332,C:\Users\Titor\Desktop\image generator\data\cut images\39824.png,1
333,C:\Users\Titor\Desktop\image generator\data\cut images\39924.png,1
334,C:\Users\Titor\Desktop\image generator\data\cut images\40024.png,1
335,C:\Users\Titor\Desktop\image generator\data\cut images\4012.png,1
336,C:\Users\Titor\Desktop\image generator\data\cut images\40124.png,1
337,C:\Users\Titor\Desktop\image generator\data\cut images\40224.png,1
338,C:\Users\Titor\Desktop\image generator\data\cut images\40324.png,1
339,C:\Users\Titor\Desktop\image generator\data\cut images\40424.png,0
340,C:\Users\Titor\Desktop\image generator\data\cut images\40524.png,1
341,C:\Users\Titor\Desktop\image generator\data\cut images\40624.png,1
342,C:\Users\Titor\Desktop\image generator\data\cut images\40724.png,1
343,C:\Users\Titor\Desktop\image generator\data\cut images\40824.png,1
344,C:\Users\Titor\Desktop\image generator\data\cut images\40924.png,0
345,C:\Users\Titor\Desktop\image generator\data\cut images\41.png,1
346,C:\Users\Titor\Desktop\image generator\data\cut images\41024.png,0
347,C:\Users\Titor\Desktop\image generator\data\cut images\41124.png,1
348,C:\Users\Titor\Desktop\image generator\data\cut images\4113.png,1
349,C:\Users\Titor\Desktop\image generator\data\cut images\41224.png,1
350,C:\Users\Titor\Desktop\image generator\data\cut images\41324.png,1
351,C:\Users\Titor\Desktop\image generator\data\cut images\41424.png,1
352,C:\Users\Titor\Desktop\image generator\data\cut images\41524.png,1
353,C:\Users\Titor\Desktop\image generator\data\cut images\41624.png,1
354,C:\Users\Titor\Desktop\image generator\data\cut images\41724.png,1
355,C:\Users\Titor\Desktop\image generator\data\cut images\41824.png,1
356,C:\Users\Titor\Desktop\image generator\data\cut images\41924.png,1
357,C:\Users\Titor\Desktop\image generator\data\cut images\42024.png,1
358,C:\Users\Titor\Desktop\image generator\data\cut images\42124.png,1
359,C:\Users\Titor\Desktop\image generator\data\cut images\4213.png,0
360,C:\Users\Titor\Desktop\image generator\data\cut images\42224.png,1
361,C:\Users\Titor\Desktop\image generator\data\cut images\42324.png,0
362,C:\Users\Titor\Desktop\image generator\data\cut images\42424.png,1
363,C:\Users\Titor\Desktop\image generator\data\cut images\42524.png,1
364,C:\Users\Titor\Desktop\image generator\data\cut images\42624.png,1
365,C:\Users\Titor\Desktop\image generator\data\cut images\42724.png,1
366,C:\Users\Titor\Desktop\image generator\data\cut images\42824.png,1
367,C:\Users\Titor\Desktop\image generator\data\cut images\42924.png,1
368,C:\Users\Titor\Desktop\image generator\data\cut images\43024.png,1
369,C:\Users\Titor\Desktop\image generator\data\cut images\43124.png,1
370,C:\Users\Titor\Desktop\image generator\data\cut images\4313.png,0
371,C:\Users\Titor\Desktop\image generator\data\cut images\43224.png,1
372,C:\Users\Titor\Desktop\image generator\data\cut images\43324.png,1
373,C:\Users\Titor\Desktop\image generator\data\cut images\43424.png,1
374,C:\Users\Titor\Desktop\image generator\data\cut images\43524.png,1
375,C:\Users\Titor\Desktop\image generator\data\cut images\43624.png,1
376,C:\Users\Titor\Desktop\image generator\data\cut images\43724.png,1
377,C:\Users\Titor\Desktop\image generator\data\cut images\43824.png,1
378,C:\Users\Titor\Desktop\image generator\data\cut images\43924.png,1
379,C:\Users\Titor\Desktop\image generator\data\cut images\44024.png,1
380,C:\Users\Titor\Desktop\image generator\data\cut images\44124.png,1
381,C:\Users\Titor\Desktop\image generator\data\cut images\4413.png,0
382,C:\Users\Titor\Desktop\image generator\data\cut images\44224.png,1
383,C:\Users\Titor\Desktop\image generator\data\cut images\44324.png,1
384,C:\Users\Titor\Desktop\image generator\data\cut images\44424.png,1
385,C:\Users\Titor\Desktop\image generator\data\cut images\44524.png,1
386,C:\Users\Titor\Desktop\image generator\data\cut images\44624.png,1
387,C:\Users\Titor\Desktop\image generator\data\cut images\44724.png,1
388,C:\Users\Titor\Desktop\image generator\data\cut images\44825.png,0
389,C:\Users\Titor\Desktop\image generator\data\cut images\44925.png,0
390,C:\Users\Titor\Desktop\image generator\data\cut images\45025.png,0
391,C:\Users\Titor\Desktop\image generator\data\cut images\45125.png,0
392,C:\Users\Titor\Desktop\image generator\data\cut images\4513.png,0
393,C:\Users\Titor\Desktop\image generator\data\cut images\45226.png,1
394,C:\Users\Titor\Desktop\image generator\data\cut images\45326.png,1
395,C:\Users\Titor\Desktop\image generator\data\cut images\45426.png,1
396,C:\Users\Titor\Desktop\image generator\data\cut images\45526.png,0
397,C:\Users\Titor\Desktop\image generator\data\cut images\45626.png,0
398,C:\Users\Titor\Desktop\image generator\data\cut images\45726.png,0
399,C:\Users\Titor\Desktop\image generator\data\cut images\45826.png,0
400,C:\Users\Titor\Desktop\image generator\data\cut images\45926.png,0
401,C:\Users\Titor\Desktop\image generator\data\cut images\46026.png,0
402,C:\Users\Titor\Desktop\image generator\data\cut images\46126.png,1
403,C:\Users\Titor\Desktop\image generator\data\cut images\4613.png,1
404,C:\Users\Titor\Desktop\image generator\data\cut images\46226.png,1
405,C:\Users\Titor\Desktop\image generator\data\cut images\46326.png,1
406,C:\Users\Titor\Desktop\image generator\data\cut images\46426.png,1
407,C:\Users\Titor\Desktop\image generator\data\cut images\46526.png,1
408,C:\Users\Titor\Desktop\image generator\data\cut images\46626.png,1
409,C:\Users\Titor\Desktop\image generator\data\cut images\46726.png,1
410,C:\Users\Titor\Desktop\image generator\data\cut images\46826.png,1
411,C:\Users\Titor\Desktop\image generator\data\cut images\46926.png,1
412,C:\Users\Titor\Desktop\image generator\data\cut images\47026.png,1
413,C:\Users\Titor\Desktop\image generator\data\cut images\47126.png,1
414,C:\Users\Titor\Desktop\image generator\data\cut images\4713.png,0
415,C:\Users\Titor\Desktop\image generator\data\cut images\47226.png,1
416,C:\Users\Titor\Desktop\image generator\data\cut images\47326.png,1
417,C:\Users\Titor\Desktop\image generator\data\cut images\47426.png,1
418,C:\Users\Titor\Desktop\image generator\data\cut images\47526.png,1
419,C:\Users\Titor\Desktop\image generator\data\cut images\47626.png,1
420,C:\Users\Titor\Desktop\image generator\data\cut images\47726.png,1
421,C:\Users\Titor\Desktop\image generator\data\cut images\47827.png,1
422,C:\Users\Titor\Desktop\image generator\data\cut images\47927.png,1
423,C:\Users\Titor\Desktop\image generator\data\cut images\48027.png,1
424,C:\Users\Titor\Desktop\image generator\data\cut images\48127.png,1
425,C:\Users\Titor\Desktop\image generator\data\cut images\4813.png,0
426,C:\Users\Titor\Desktop\image generator\data\cut images\48227.png,1
427,C:\Users\Titor\Desktop\image generator\data\cut images\48327.png,1
428,C:\Users\Titor\Desktop\image generator\data\cut images\48427.png,0
429,C:\Users\Titor\Desktop\image generator\data\cut images\48527.png,1
430,C:\Users\Titor\Desktop\image generator\data\cut images\48627.png,1
431,C:\Users\Titor\Desktop\image generator\data\cut images\48727.png,1
432,C:\Users\Titor\Desktop\image generator\data\cut images\48827.png,1
433,C:\Users\Titor\Desktop\image generator\data\cut images\48927.png,1
434,C:\Users\Titor\Desktop\image generator\data\cut images\49027.png,1
435,C:\Users\Titor\Desktop\image generator\data\cut images\49127.png,1
436,C:\Users\Titor\Desktop\image generator\data\cut images\4913.png,0
437,C:\Users\Titor\Desktop\image generator\data\cut images\49227.png,1
438,C:\Users\Titor\Desktop\image generator\data\cut images\49327.png,1
439,C:\Users\Titor\Desktop\image generator\data\cut images\49427.png,1
440,C:\Users\Titor\Desktop\image generator\data\cut images\49527.png,1
441,C:\Users\Titor\Desktop\image generator\data\cut images\49627.png,0
442,C:\Users\Titor\Desktop\image generator\data\cut images\49727.png,1
443,C:\Users\Titor\Desktop\image generator\data\cut images\49827.png,1
444,C:\Users\Titor\Desktop\image generator\data\cut images\49927.png,1
445,C:\Users\Titor\Desktop\image generator\data\cut images\50027.png,1
446,C:\Users\Titor\Desktop\image generator\data\cut images\50127.png,1
447,C:\Users\Titor\Desktop\image generator\data\cut images\5013.png,1
448,C:\Users\Titor\Desktop\image generator\data\cut images\50227.png,1
449,C:\Users\Titor\Desktop\image generator\data\cut images\50327.png,0
450,C:\Users\Titor\Desktop\image generator\data\cut images\50427.png,1
451,C:\Users\Titor\Desktop\image generator\data\cut images\50527.png,1
452,C:\Users\Titor\Desktop\image generator\data\cut images\50627.png,1
453,C:\Users\Titor\Desktop\image generator\data\cut images\50727.png,1
454,C:\Users\Titor\Desktop\image generator\data\cut images\50827.png,1
455,C:\Users\Titor\Desktop\image generator\data\cut images\50927.png,1
456,C:\Users\Titor\Desktop\image generator\data\cut images\51.png,1
457,C:\Users\Titor\Desktop\image generator\data\cut images\51027.png,1
458,C:\Users\Titor\Desktop\image generator\data\cut images\51127.png,1
459,C:\Users\Titor\Desktop\image generator\data\cut images\5113.png,0
460,C:\Users\Titor\Desktop\image generator\data\cut images\51227.png,1
461,C:\Users\Titor\Desktop\image generator\data\cut images\51327.png,1
462,C:\Users\Titor\Desktop\image generator\data\cut images\51427.png,1
463,C:\Users\Titor\Desktop\image generator\data\cut images\51527.png,1
464,C:\Users\Titor\Desktop\image generator\data\cut images\51628.png,1
465,C:\Users\Titor\Desktop\image generator\data\cut images\51728.png,1
466,C:\Users\Titor\Desktop\image generator\data\cut images\51828.png,1
467,C:\Users\Titor\Desktop\image generator\data\cut images\51928.png,1
468,C:\Users\Titor\Desktop\image generator\data\cut images\52028.png,1
469,C:\Users\Titor\Desktop\image generator\data\cut images\52128.png,1
470,C:\Users\Titor\Desktop\image generator\data\cut images\5213.png,1
471,C:\Users\Titor\Desktop\image generator\data\cut images\52228.png,1
472,C:\Users\Titor\Desktop\image generator\data\cut images\52328.png,1
473,C:\Users\Titor\Desktop\image generator\data\cut images\52428.png,1
474,C:\Users\Titor\Desktop\image generator\data\cut images\52528.png,1
475,C:\Users\Titor\Desktop\image generator\data\cut images\52628.png,1
476,C:\Users\Titor\Desktop\image generator\data\cut images\52728.png,1
477,C:\Users\Titor\Desktop\image generator\data\cut images\52828.png,1
478,C:\Users\Titor\Desktop\image generator\data\cut images\52928.png,1
479,C:\Users\Titor\Desktop\image generator\data\cut images\53028.png,1
480,C:\Users\Titor\Desktop\image generator\data\cut images\53128.png,1
481,C:\Users\Titor\Desktop\image generator\data\cut images\5313.png,1
482,C:\Users\Titor\Desktop\image generator\data\cut images\53228.png,1
483,C:\Users\Titor\Desktop\image generator\data\cut images\53328.png,1
484,C:\Users\Titor\Desktop\image generator\data\cut images\53428.png,1
485,C:\Users\Titor\Desktop\image generator\data\cut images\53528.png,1
486,C:\Users\Titor\Desktop\image generator\data\cut images\53628.png,1
487,C:\Users\Titor\Desktop\image generator\data\cut images\53728.png,1
488,C:\Users\Titor\Desktop\image generator\data\cut images\53828.png,1
489,C:\Users\Titor\Desktop\image generator\data\cut images\53928.png,1
490,C:\Users\Titor\Desktop\image generator\data\cut images\54028.png,1
491,C:\Users\Titor\Desktop\image generator\data\cut images\54128.png,1
492,C:\Users\Titor\Desktop\image generator\data\cut images\5414.png,1
493,C:\Users\Titor\Desktop\image generator\data\cut images\54228.png,1
494,C:\Users\Titor\Desktop\image generator\data\cut images\54328.png,1
495,C:\Users\Titor\Desktop\image generator\data\cut images\54428.png,1
496,C:\Users\Titor\Desktop\image generator\data\cut images\54528.png,1
497,C:\Users\Titor\Desktop\image generator\data\cut images\54629.png,1
498,C:\Users\Titor\Desktop\image generator\data\cut images\54729.png,1
499,C:\Users\Titor\Desktop\image generator\data\cut images\54829.png,1
500,C:\Users\Titor\Desktop\image generator\data\cut images\54929.png,1
501,C:\Users\Titor\Desktop\image generator\data\cut images\55029.png,1
502,C:\Users\Titor\Desktop\image generator\data\cut images\55129.png,1
503,C:\Users\Titor\Desktop\image generator\data\cut images\5514.png,0
504,C:\Users\Titor\Desktop\image generator\data\cut images\55229.png,1
505,C:\Users\Titor\Desktop\image generator\data\cut images\55329.png,1
506,C:\Users\Titor\Desktop\image generator\data\cut images\55429.png,1
507,C:\Users\Titor\Desktop\image generator\data\cut images\55529.png,1
508,C:\Users\Titor\Desktop\image generator\data\cut images\55629.png,1
509,C:\Users\Titor\Desktop\image generator\data\cut images\55729.png,1
510,C:\Users\Titor\Desktop\image generator\data\cut images\5583.png,1
511,C:\Users\Titor\Desktop\image generator\data\cut images\5593.png,1
512,C:\Users\Titor\Desktop\image generator\data\cut images\5603.png,1
513,C:\Users\Titor\Desktop\image generator\data\cut images\5613.png,1
514,C:\Users\Titor\Desktop\image generator\data\cut images\5614.png,0
515,C:\Users\Titor\Desktop\image generator\data\cut images\5623.png,1
516,C:\Users\Titor\Desktop\image generator\data\cut images\5633.png,1
517,C:\Users\Titor\Desktop\image generator\data\cut images\5643.png,0
518,C:\Users\Titor\Desktop\image generator\data\cut images\5653.png,1
519,C:\Users\Titor\Desktop\image generator\data\cut images\5663.png,1
520,C:\Users\Titor\Desktop\image generator\data\cut images\5673.png,1
521,C:\Users\Titor\Desktop\image generator\data\cut images\5683.png,1
522,C:\Users\Titor\Desktop\image generator\data\cut images\5693.png,1
523,C:\Users\Titor\Desktop\image generator\data\cut images\5703.png,1
524,C:\Users\Titor\Desktop\image generator\data\cut images\57130.png,1
525,C:\Users\Titor\Desktop\image generator\data\cut images\5714.png,0
526,C:\Users\Titor\Desktop\image generator\data\cut images\57230.png,1
527,C:\Users\Titor\Desktop\image generator\data\cut images\57330.png,1
528,C:\Users\Titor\Desktop\image generator\data\cut images\57430.png,1
529,C:\Users\Titor\Desktop\image generator\data\cut images\57530.png,1
530,C:\Users\Titor\Desktop\image generator\data\cut images\57630.png,1
531,C:\Users\Titor\Desktop\image generator\data\cut images\57730.png,0
532,C:\Users\Titor\Desktop\image generator\data\cut images\57830.png,0
533,C:\Users\Titor\Desktop\image generator\data\cut images\57930.png,0
534,C:\Users\Titor\Desktop\image generator\data\cut images\58031.png,0
535,C:\Users\Titor\Desktop\image generator\data\cut images\58132.png,1
536,C:\Users\Titor\Desktop\image generator\data\cut images\5814.png,0
537,C:\Users\Titor\Desktop\image generator\data\cut images\58232.png,1
538,C:\Users\Titor\Desktop\image generator\data\cut images\58332.png,1
539,C:\Users\Titor\Desktop\image generator\data\cut images\58432.png,1
540,C:\Users\Titor\Desktop\image generator\data\cut images\58532.png,1
541,C:\Users\Titor\Desktop\image generator\data\cut images\58632.png,1
542,C:\Users\Titor\Desktop\image generator\data\cut images\58732.png,1
543,C:\Users\Titor\Desktop\image generator\data\cut images\58832.png,0
544,C:\Users\Titor\Desktop\image generator\data\cut images\58932.png,1
545,C:\Users\Titor\Desktop\image generator\data\cut images\59032.png,1
546,C:\Users\Titor\Desktop\image generator\data\cut images\59132.png,1
547,C:\Users\Titor\Desktop\image generator\data\cut images\5914.png,1
548,C:\Users\Titor\Desktop\image generator\data\cut images\59232.png,1
549,C:\Users\Titor\Desktop\image generator\data\cut images\59332.png,1
550,C:\Users\Titor\Desktop\image generator\data\cut images\59432.png,1
551,C:\Users\Titor\Desktop\image generator\data\cut images\59532.png,1
552,C:\Users\Titor\Desktop\image generator\data\cut images\59632.png,1
553,C:\Users\Titor\Desktop\image generator\data\cut images\59732.png,0
554,C:\Users\Titor\Desktop\image generator\data\cut images\59832.png,0
555,C:\Users\Titor\Desktop\image generator\data\cut images\59932.png,1
556,C:\Users\Titor\Desktop\image generator\data\cut images\60032.png,1
557,C:\Users\Titor\Desktop\image generator\data\cut images\60132.png,1
558,C:\Users\Titor\Desktop\image generator\data\cut images\6014.png,0
559,C:\Users\Titor\Desktop\image generator\data\cut images\60232.png,1
560,C:\Users\Titor\Desktop\image generator\data\cut images\60332.png,0
561,C:\Users\Titor\Desktop\image generator\data\cut images\60432.png,1
562,C:\Users\Titor\Desktop\image generator\data\cut images\60532.png,1
563,C:\Users\Titor\Desktop\image generator\data\cut images\60632.png,0
564,C:\Users\Titor\Desktop\image generator\data\cut images\60732.png,1
565,C:\Users\Titor\Desktop\image generator\data\cut images\60832.png,0
566,C:\Users\Titor\Desktop\image generator\data\cut images\60932.png,1
567,C:\Users\Titor\Desktop\image generator\data\cut images\61.png,1
568,C:\Users\Titor\Desktop\image generator\data\cut images\61032.png,1
569,C:\Users\Titor\Desktop\image generator\data\cut images\61132.png,1
570,C:\Users\Titor\Desktop\image generator\data\cut images\6114.png,0
571,C:\Users\Titor\Desktop\image generator\data\cut images\61232.png,1
572,C:\Users\Titor\Desktop\image generator\data\cut images\61332.png,1
573,C:\Users\Titor\Desktop\image generator\data\cut images\61432.png,0
574,C:\Users\Titor\Desktop\image generator\data\cut images\61532.png,1
575,C:\Users\Titor\Desktop\image generator\data\cut images\61632.png,1
576,C:\Users\Titor\Desktop\image generator\data\cut images\61732.png,1
577,C:\Users\Titor\Desktop\image generator\data\cut images\61832.png,1
578,C:\Users\Titor\Desktop\image generator\data\cut images\61932.png,1
579,C:\Users\Titor\Desktop\image generator\data\cut images\62032.png,1
580,C:\Users\Titor\Desktop\image generator\data\cut images\62132.png,1
581,C:\Users\Titor\Desktop\image generator\data\cut images\6214.png,0
582,C:\Users\Titor\Desktop\image generator\data\cut images\62232.png,1
583,C:\Users\Titor\Desktop\image generator\data\cut images\62332.png,0
584,C:\Users\Titor\Desktop\image generator\data\cut images\62432.png,1
585,C:\Users\Titor\Desktop\image generator\data\cut images\62532.png,1
586,C:\Users\Titor\Desktop\image generator\data\cut images\62632.png,1
587,C:\Users\Titor\Desktop\image generator\data\cut images\62732.png,1
588,C:\Users\Titor\Desktop\image generator\data\cut images\62832.png,0
589,C:\Users\Titor\Desktop\image generator\data\cut images\62932.png,1
590,C:\Users\Titor\Desktop\image generator\data\cut images\63032.png,1
591,C:\Users\Titor\Desktop\image generator\data\cut images\63132.png,1
592,C:\Users\Titor\Desktop\image generator\data\cut images\6314.png,1
593,C:\Users\Titor\Desktop\image generator\data\cut images\63232.png,1
594,C:\Users\Titor\Desktop\image generator\data\cut images\63332.png,1
595,C:\Users\Titor\Desktop\image generator\data\cut images\63432.png,1
596,C:\Users\Titor\Desktop\image generator\data\cut images\63532.png,1
597,C:\Users\Titor\Desktop\image generator\data\cut images\63632.png,1
598,C:\Users\Titor\Desktop\image generator\data\cut images\63732.png,0
599,C:\Users\Titor\Desktop\image generator\data\cut images\63832.png,1
600,C:\Users\Titor\Desktop\image generator\data\cut images\63932.png,1
601,C:\Users\Titor\Desktop\image generator\data\cut images\64032.png,1
602,C:\Users\Titor\Desktop\image generator\data\cut images\64132.png,1
603,C:\Users\Titor\Desktop\image generator\data\cut images\6414.png,0
604,C:\Users\Titor\Desktop\image generator\data\cut images\64232.png,1
605,C:\Users\Titor\Desktop\image generator\data\cut images\64332.png,1
606,C:\Users\Titor\Desktop\image generator\data\cut images\64432.png,1
607,C:\Users\Titor\Desktop\image generator\data\cut images\64532.png,1
608,C:\Users\Titor\Desktop\image generator\data\cut images\64632.png,1
609,C:\Users\Titor\Desktop\image generator\data\cut images\64732.png,1
610,C:\Users\Titor\Desktop\image generator\data\cut images\64832.png,1
611,C:\Users\Titor\Desktop\image generator\data\cut images\64932.png,1
612,C:\Users\Titor\Desktop\image generator\data\cut images\65032.png,1
613,C:\Users\Titor\Desktop\image generator\data\cut images\65132.png,1
614,C:\Users\Titor\Desktop\image generator\data\cut images\6514.png,1
615,C:\Users\Titor\Desktop\image generator\data\cut images\65232.png,1
616,C:\Users\Titor\Desktop\image generator\data\cut images\65332.png,0
617,C:\Users\Titor\Desktop\image generator\data\cut images\65432.png,1
618,C:\Users\Titor\Desktop\image generator\data\cut images\65532.png,1
619,C:\Users\Titor\Desktop\image generator\data\cut images\65632.png,1
620,C:\Users\Titor\Desktop\image generator\data\cut images\65732.png,1
621,C:\Users\Titor\Desktop\image generator\data\cut images\65832.png,1
622,C:\Users\Titor\Desktop\image generator\data\cut images\65932.png,1
623,C:\Users\Titor\Desktop\image generator\data\cut images\66032.png,1
624,C:\Users\Titor\Desktop\image generator\data\cut images\66132.png,1
625,C:\Users\Titor\Desktop\image generator\data\cut images\6614.png,1
626,C:\Users\Titor\Desktop\image generator\data\cut images\66232.png,1
627,C:\Users\Titor\Desktop\image generator\data\cut images\66332.png,1
628,C:\Users\Titor\Desktop\image generator\data\cut images\66432.png,1
629,C:\Users\Titor\Desktop\image generator\data\cut images\66532.png,1
630,C:\Users\Titor\Desktop\image generator\data\cut images\66632.png,0
631,C:\Users\Titor\Desktop\image generator\data\cut images\66732.png,1
632,C:\Users\Titor\Desktop\image generator\data\cut images\66832.png,1
633,C:\Users\Titor\Desktop\image generator\data\cut images\66932.png,1
634,C:\Users\Titor\Desktop\image generator\data\cut images\67032.png,0
635,C:\Users\Titor\Desktop\image generator\data\cut images\67133.png,1
636,C:\Users\Titor\Desktop\image generator\data\cut images\6715.png,0
637,C:\Users\Titor\Desktop\image generator\data\cut images\67233.png,1
638,C:\Users\Titor\Desktop\image generator\data\cut images\67333.png,1
639,C:\Users\Titor\Desktop\image generator\data\cut images\67433.png,1
640,C:\Users\Titor\Desktop\image generator\data\cut images\67533.png,1
641,C:\Users\Titor\Desktop\image generator\data\cut images\67633.png,1
642,C:\Users\Titor\Desktop\image generator\data\cut images\67733.png,1
643,C:\Users\Titor\Desktop\image generator\data\cut images\67833.png,1
644,C:\Users\Titor\Desktop\image generator\data\cut images\67933.png,1
645,C:\Users\Titor\Desktop\image generator\data\cut images\68033.png,1
646,C:\Users\Titor\Desktop\image generator\data\cut images\68133.png,1
647,C:\Users\Titor\Desktop\image generator\data\cut images\6815.png,1
648,C:\Users\Titor\Desktop\image generator\data\cut images\68233.png,1
649,C:\Users\Titor\Desktop\image generator\data\cut images\68333.png,1
650,C:\Users\Titor\Desktop\image generator\data\cut images\68433.png,1
651,C:\Users\Titor\Desktop\image generator\data\cut images\68533.png,1
652,C:\Users\Titor\Desktop\image generator\data\cut images\68633.png,1
653,C:\Users\Titor\Desktop\image generator\data\cut images\68733.png,1
654,C:\Users\Titor\Desktop\image generator\data\cut images\68833.png,1
655,C:\Users\Titor\Desktop\image generator\data\cut images\68933.png,1
656,C:\Users\Titor\Desktop\image generator\data\cut images\69033.png,1
657,C:\Users\Titor\Desktop\image generator\data\cut images\69133.png,1
658,C:\Users\Titor\Desktop\image generator\data\cut images\6915.png,1
659,C:\Users\Titor\Desktop\image generator\data\cut images\69233.png,1
660,C:\Users\Titor\Desktop\image generator\data\cut images\69333.png,0
661,C:\Users\Titor\Desktop\image generator\data\cut images\69433.png,0
662,C:\Users\Titor\Desktop\image generator\data\cut images\69533.png,1
663,C:\Users\Titor\Desktop\image generator\data\cut images\69633.png,1
664,C:\Users\Titor\Desktop\image generator\data\cut images\69733.png,1
665,C:\Users\Titor\Desktop\image generator\data\cut images\69833.png,1
666,C:\Users\Titor\Desktop\image generator\data\cut images\69933.png,1
667,C:\Users\Titor\Desktop\image generator\data\cut images\70033.png,1
668,C:\Users\Titor\Desktop\image generator\data\cut images\70133.png,1
669,C:\Users\Titor\Desktop\image generator\data\cut images\7015.png,1
670,C:\Users\Titor\Desktop\image generator\data\cut images\70233.png,1
671,C:\Users\Titor\Desktop\image generator\data\cut images\70333.png,1
672,C:\Users\Titor\Desktop\image generator\data\cut images\70433.png,0
673,C:\Users\Titor\Desktop\image generator\data\cut images\70533.png,0
674,C:\Users\Titor\Desktop\image generator\data\cut images\70633.png,1
675,C:\Users\Titor\Desktop\image generator\data\cut images\70733.png,1
676,C:\Users\Titor\Desktop\image generator\data\cut images\70833.png,1
677,C:\Users\Titor\Desktop\image generator\data\cut images\70933.png,1
678,C:\Users\Titor\Desktop\image generator\data\cut images\71.png,1
679,C:\Users\Titor\Desktop\image generator\data\cut images\71033.png,1
680,C:\Users\Titor\Desktop\image generator\data\cut images\71133.png,1
681,C:\Users\Titor\Desktop\image generator\data\cut images\7115.png,1
682,C:\Users\Titor\Desktop\image generator\data\cut images\71233.png,1
683,C:\Users\Titor\Desktop\image generator\data\cut images\71333.png,1
684,C:\Users\Titor\Desktop\image generator\data\cut images\71433.png,1
685,C:\Users\Titor\Desktop\image generator\data\cut images\71533.png,1
686,C:\Users\Titor\Desktop\image generator\data\cut images\71633.png,1
687,C:\Users\Titor\Desktop\image generator\data\cut images\71733.png,1
688,C:\Users\Titor\Desktop\image generator\data\cut images\71833.png,1
689,C:\Users\Titor\Desktop\image generator\data\cut images\71933.png,1
690,C:\Users\Titor\Desktop\image generator\data\cut images\72033.png,1
691,C:\Users\Titor\Desktop\image generator\data\cut images\72133.png,1
692,C:\Users\Titor\Desktop\image generator\data\cut images\7215.png,1
693,C:\Users\Titor\Desktop\image generator\data\cut images\72233.png,1
694,C:\Users\Titor\Desktop\image generator\data\cut images\72333.png,1
695,C:\Users\Titor\Desktop\image generator\data\cut images\72433.png,1
696,C:\Users\Titor\Desktop\image generator\data\cut images\72533.png,1
697,C:\Users\Titor\Desktop\image generator\data\cut images\72634.png,1
698,C:\Users\Titor\Desktop\image generator\data\cut images\72734.png,1
699,C:\Users\Titor\Desktop\image generator\data\cut images\72834.png,1
700,C:\Users\Titor\Desktop\image generator\data\cut images\72934.png,0
701,C:\Users\Titor\Desktop\image generator\data\cut images\73034.png,1
702,C:\Users\Titor\Desktop\image generator\data\cut images\73134.png,1
703,C:\Users\Titor\Desktop\image generator\data\cut images\7315.png,1
704,C:\Users\Titor\Desktop\image generator\data\cut images\73234.png,1
705,C:\Users\Titor\Desktop\image generator\data\cut images\73334.png,1
706,C:\Users\Titor\Desktop\image generator\data\cut images\73434.png,1
707,C:\Users\Titor\Desktop\image generator\data\cut images\73534.png,1
708,C:\Users\Titor\Desktop\image generator\data\cut images\73634.png,1
709,C:\Users\Titor\Desktop\image generator\data\cut images\73734.png,1
710,C:\Users\Titor\Desktop\image generator\data\cut images\73834.png,1
711,C:\Users\Titor\Desktop\image generator\data\cut images\73934.png,1
712,C:\Users\Titor\Desktop\image generator\data\cut images\74034.png,1
713,C:\Users\Titor\Desktop\image generator\data\cut images\74134.png,1
714,C:\Users\Titor\Desktop\image generator\data\cut images\7415.png,1
715,C:\Users\Titor\Desktop\image generator\data\cut images\74234.png,1
716,C:\Users\Titor\Desktop\image generator\data\cut images\74334.png,1
717,C:\Users\Titor\Desktop\image generator\data\cut images\74434.png,1
718,C:\Users\Titor\Desktop\image generator\data\cut images\74534.png,1
719,C:\Users\Titor\Desktop\image generator\data\cut images\74634.png,1
720,C:\Users\Titor\Desktop\image generator\data\cut images\74734.png,1
721,C:\Users\Titor\Desktop\image generator\data\cut images\74834.png,1
722,C:\Users\Titor\Desktop\image generator\data\cut images\74934.png,1
723,C:\Users\Titor\Desktop\image generator\data\cut images\7504.png,1
724,C:\Users\Titor\Desktop\image generator\data\cut images\7514.png,1
725,C:\Users\Titor\Desktop\image generator\data\cut images\7515.png,1
726,C:\Users\Titor\Desktop\image generator\data\cut images\7524.png,1
727,C:\Users\Titor\Desktop\image generator\data\cut images\7534.png,1
728,C:\Users\Titor\Desktop\image generator\data\cut images\7544.png,1
729,C:\Users\Titor\Desktop\image generator\data\cut images\7554.png,0
730,C:\Users\Titor\Desktop\image generator\data\cut images\7564.png,1
731,C:\Users\Titor\Desktop\image generator\data\cut images\7574.png,1
732,C:\Users\Titor\Desktop\image generator\data\cut images\7584.png,1
733,C:\Users\Titor\Desktop\image generator\data\cut images\7594.png,1
734,C:\Users\Titor\Desktop\image generator\data\cut images\7604.png,1
735,C:\Users\Titor\Desktop\image generator\data\cut images\7614.png,1
736,C:\Users\Titor\Desktop\image generator\data\cut images\7615.png,1
737,C:\Users\Titor\Desktop\image generator\data\cut images\7624.png,1
738,C:\Users\Titor\Desktop\image generator\data\cut images\7634.png,1
739,C:\Users\Titor\Desktop\image generator\data\cut images\7644.png,1
740,C:\Users\Titor\Desktop\image generator\data\cut images\7654.png,1
741,C:\Users\Titor\Desktop\image generator\data\cut images\7664.png,1
742,C:\Users\Titor\Desktop\image generator\data\cut images\7675.png,0
743,C:\Users\Titor\Desktop\image generator\data\cut images\7685.png,1
744,C:\Users\Titor\Desktop\image generator\data\cut images\7695.png,1
745,C:\Users\Titor\Desktop\image generator\data\cut images\7705.png,1
746,C:\Users\Titor\Desktop\image generator\data\cut images\7715.png,1
747,C:\Users\Titor\Desktop\image generator\data\cut images\7725.png,1
748,C:\Users\Titor\Desktop\image generator\data\cut images\7735.png,1
749,C:\Users\Titor\Desktop\image generator\data\cut images\7745.png,1
750,C:\Users\Titor\Desktop\image generator\data\cut images\7755.png,1
751,C:\Users\Titor\Desktop\image generator\data\cut images\7765.png,1
752,C:\Users\Titor\Desktop\image generator\data\cut images\7775.png,1
753,C:\Users\Titor\Desktop\image generator\data\cut images\7785.png,1
754,C:\Users\Titor\Desktop\image generator\data\cut images\7795.png,1
755,C:\Users\Titor\Desktop\image generator\data\cut images\7805.png,1
756,C:\Users\Titor\Desktop\image generator\data\cut images\7815.png,1
757,C:\Users\Titor\Desktop\image generator\data\cut images\7825.png,1
758,C:\Users\Titor\Desktop\image generator\data\cut images\7835.png,1
759,C:\Users\Titor\Desktop\image generator\data\cut images\7845.png,1
760,C:\Users\Titor\Desktop\image generator\data\cut images\7855.png,0
761,C:\Users\Titor\Desktop\image generator\data\cut images\7866.png,1
762,C:\Users\Titor\Desktop\image generator\data\cut images\7876.png,1
763,C:\Users\Titor\Desktop\image generator\data\cut images\7886.png,1
764,C:\Users\Titor\Desktop\image generator\data\cut images\7896.png,1
765,C:\Users\Titor\Desktop\image generator\data\cut images\7906.png,1
766,C:\Users\Titor\Desktop\image generator\data\cut images\7916.png,1
767,C:\Users\Titor\Desktop\image generator\data\cut images\7926.png,1
768,C:\Users\Titor\Desktop\image generator\data\cut images\7936.png,1
769,C:\Users\Titor\Desktop\image generator\data\cut images\7947.png,0
770,C:\Users\Titor\Desktop\image generator\data\cut images\7957.png,0
771,C:\Users\Titor\Desktop\image generator\data\cut images\7967.png,0
772,C:\Users\Titor\Desktop\image generator\data\cut images\7977.png,0
773,C:\Users\Titor\Desktop\image generator\data\cut images\7987.png,0
774,C:\Users\Titor\Desktop\image generator\data\cut images\7997.png,0
775,C:\Users\Titor\Desktop\image generator\data\cut images\8007.png,0
776,C:\Users\Titor\Desktop\image generator\data\cut images\8016.png,1
777,C:\Users\Titor\Desktop\image generator\data\cut images\8017.png,0
778,C:\Users\Titor\Desktop\image generator\data\cut images\8027.png,0
779,C:\Users\Titor\Desktop\image generator\data\cut images\8037.png,0
780,C:\Users\Titor\Desktop\image generator\data\cut images\8047.png,0
781,C:\Users\Titor\Desktop\image generator\data\cut images\8057.png,0
782,C:\Users\Titor\Desktop\image generator\data\cut images\8067.png,0
783,C:\Users\Titor\Desktop\image generator\data\cut images\8077.png,0
784,C:\Users\Titor\Desktop\image generator\data\cut images\8087.png,0
785,C:\Users\Titor\Desktop\image generator\data\cut images\8097.png,1
786,C:\Users\Titor\Desktop\image generator\data\cut images\81.png,0
787,C:\Users\Titor\Desktop\image generator\data\cut images\8107.png,1
788,C:\Users\Titor\Desktop\image generator\data\cut images\8116.png,1
789,C:\Users\Titor\Desktop\image generator\data\cut images\8117.png,1
790,C:\Users\Titor\Desktop\image generator\data\cut images\8127.png,1
791,C:\Users\Titor\Desktop\image generator\data\cut images\8137.png,1
792,C:\Users\Titor\Desktop\image generator\data\cut images\8147.png,1
793,C:\Users\Titor\Desktop\image generator\data\cut images\8157.png,1
794,C:\Users\Titor\Desktop\image generator\data\cut images\8167.png,1
795,C:\Users\Titor\Desktop\image generator\data\cut images\8177.png,1
796,C:\Users\Titor\Desktop\image generator\data\cut images\8187.png,1
797,C:\Users\Titor\Desktop\image generator\data\cut images\8197.png,1
798,C:\Users\Titor\Desktop\image generator\data\cut images\8207.png,1
799,C:\Users\Titor\Desktop\image generator\data\cut images\8216.png,1
800,C:\Users\Titor\Desktop\image generator\data\cut images\8217.png,1
801,C:\Users\Titor\Desktop\image generator\data\cut images\8227.png,1
802,C:\Users\Titor\Desktop\image generator\data\cut images\8237.png,1
803,C:\Users\Titor\Desktop\image generator\data\cut images\8247.png,1
804,C:\Users\Titor\Desktop\image generator\data\cut images\8257.png,1
805,C:\Users\Titor\Desktop\image generator\data\cut images\8267.png,1
806,C:\Users\Titor\Desktop\image generator\data\cut images\8278.png,0
807,C:\Users\Titor\Desktop\image generator\data\cut images\8288.png,0
808,C:\Users\Titor\Desktop\image generator\data\cut images\8298.png,0
809,C:\Users\Titor\Desktop\image generator\data\cut images\8309.png,1
810,C:\Users\Titor\Desktop\image generator\data\cut images\8316.png,1
811,C:\Users\Titor\Desktop\image generator\data\cut images\8319.png,1
812,C:\Users\Titor\Desktop\image generator\data\cut images\8329.png,1
813,C:\Users\Titor\Desktop\image generator\data\cut images\8339.png,1
814,C:\Users\Titor\Desktop\image generator\data\cut images\8349.png,1
815,C:\Users\Titor\Desktop\image generator\data\cut images\8359.png,1
816,C:\Users\Titor\Desktop\image generator\data\cut images\8369.png,1
817,C:\Users\Titor\Desktop\image generator\data\cut images\8379.png,1
818,C:\Users\Titor\Desktop\image generator\data\cut images\8416.png,0
819,C:\Users\Titor\Desktop\image generator\data\cut images\8516.png,1
820,C:\Users\Titor\Desktop\image generator\data\cut images\8616.png,1
821,C:\Users\Titor\Desktop\image generator\data\cut images\8716.png,1
822,C:\Users\Titor\Desktop\image generator\data\cut images\8817.png,0
823,C:\Users\Titor\Desktop\image generator\data\cut images\8917.png,0
824,C:\Users\Titor\Desktop\image generator\data\cut images\9017.png,1
825,C:\Users\Titor\Desktop\image generator\data\cut images\91.png,0
826,C:\Users\Titor\Desktop\image generator\data\cut images\9117.png,1
827,C:\Users\Titor\Desktop\image generator\data\cut images\9217.png,1
828,C:\Users\Titor\Desktop\image generator\data\cut images\9317.png,1
829,C:\Users\Titor\Desktop\image generator\data\cut images\9417.png,1
830,C:\Users\Titor\Desktop\image generator\data\cut images\9517.png,1
831,C:\Users\Titor\Desktop\image generator\data\cut images\9617.png,1
832,C:\Users\Titor\Desktop\image generator\data\cut images\9717.png,1
833,C:\Users\Titor\Desktop\image generator\data\cut images\9817.png,1
834,C:\Users\Titor\Desktop\image generator\data\cut images\9917.png,1
835,C:\Users\Titor\Desktop\image generator\data\cut images\photo_2020-12-07_12-12-43.jpg,0
836,C:\Users\Titor\Desktop\image generator\data\cut images\photo_2020-12-07_12-12-49.jpg,0
837,C:\Users\Titor\Desktop\image generator\data\cut images\photo_2020-12-07_12-12-56.jpg,0
838,C:\Users\Titor\Desktop\image generator\data\cut images\photo_2020-12-07_12-13-02.jpg,0
839,C:\Users\Titor\Desktop\image generator\data\cut images\photo_2020-12-07_12-24-32.jpg,0
